filename,text,duration_seconds,status
item-001.wav,"你",1.861,recorded
item-002.wav,"您",1.499,recorded
item-003.wav,"好",1.872,recorded
item-004.wav,"你好",1.792,recorded
item-005.wav,"您好",1.675,recorded
item-006.wav,"们",1.483,recorded
item-007.wav,"你们",1.979,recorded
item-008.wav,"你们好",1.952,recorded
item-009.wav,"大家",1.589,recorded
item-010.wav,"大家好",1.819,recorded
item-011.wav,"老师",1.627,recorded
item-012.wav,"学生",1.941,recorded
item-013.wav,"同学",1.765,recorded
item-014.wav,"谢谢",1.579,recorded
item-015.wav,"不客气",1.909,recorded
item-016.wav,"再见",1.483,recorded